"","msn","description"
"1","ABICB","Aviation gasoline blending components consumed by the industrial sector"
"2","ABICP","Aviation gasoline blending components consumed by the industrial sector"
"3","ARICB","Asphalt and road oil consumed by the industrial sector"
"4","ARICD","Asphalt and road oil price in the industrial sector"
"5","ARICP","Asphalt and road oil consumed by the industrial sector"
"6","ARICV","Asphalt and road oil expenditures in the industrial sector"
"7","ARTCB","Asphalt and road oil total consumption"
"8","ARTCD","Asphalt and road oil average price, all sectors"
"9","ARTCP","Asphalt and road oil total consumption"
"10","ARTCV","Asphalt and road oil total expenditures"
"11","ARTXB","Asphalt and road oil total end-use consumption"
"12","ARTXD","Asphalt and road oil average price, all end-use sectors"
"13","ARTXP","Asphalt and road oil total end-use consumption"
"14","ARTXV","Asphalt and road oil total end-use expenditures"
"15","AVACB","Aviation gasoline consumed by the transportation sector"
"16","AVACD","Aviation gasoline price in the transportation sector"
"17","AVACP","Aviation gasoline consumed by the transportation sector"
"18","AVACV","Aviation gasoline expenditures in the transportation sector"
"19","AVTCB","Aviation gasoline total consumption"
"20","AVTCD","Aviation gasoline average price, all sectors"
"21","AVTCP","Aviation gasoline total consumption"
"22","AVTCV","Aviation gasoline total expenditures"
"23","AVTXB","Aviation gasoline total end-use consumption"
"24","AVTXD","Aviation gasoline average price, all end-use sectors"
"25","AVTXP","Aviation gasoline total end-use consumption"
"26","AVTXV","Aviation gasoline total end-use expenditures"
"27","BMTCB","Biomass total consumption"
"28","BQICB","Normal butane consumed by the industrial sector"
"29","BQICP","Normal butane consumed by the industrial sector"
"30","BQTCB","Normal butane total consumption"
"31","BQTCP","Normal butane total consumption"
"32","BYICB","Butylene from refineries consumed by the industrial sector"
"33","BYICP","Butylene from refineries consumed by the industrial sector"
"34","BYTCB","Butylene from refineries total consumption"
"35","BYTCP","Butylene from refineries total consumption"
"36","CLACB","Coal consumed by the transportation sector"
"37","CLACD","Coal price in the transportation sector"
"38","CLACK","Factor for converting coal consumed by the transportation sector from physical units to Btu"
"39","CLACP","Coal consumed by the transportation sector"
"40","CLACV","Coal expenditures in the transportation sector"
"41","CLCCB","Coal consumed by the commercial sector"
"42","CLCCD","Coal price in the commercial sector"
"43","CLCCP","Coal consumed by the commercial sector"
"44","CLCCV","Coal expenditures in the commercial sector"
"45","CLEIB","Coal consumed by the electric power sector"
"46","CLEID","Coal price in the electric power sector"
"47","CLEIK","Factor for converting coal consumed by the electric power sector from physical units to Btu"
"48","CLEIP","Coal consumed by the electric power sector"
"49","CLEIV","Coal expenditures in the electric power sector"
"50","CLHCK","Factor for converting coal consumed by the residential and commercial sectors from physical units to Btu"
"51","CLICB","Coal consumed by the industrial sector"
"52","CLICD","Coal price in the industrial sector"
"53","CLICP","Coal consumed by the industrial sector"
"54","CLICV","Coal expenditures in the industrial sector"
"55","CLISB","Coal consumed by the industrial sector excluding refinery fuel"
"56","CLKCB","Coal consumed at coke plants (coking coal)"
"57","CLKCD","Coal price at coke plants"
"58","CLKCK","Factor for converting coal carbonized at coke plants from physical units to Btu"
"59","CLKCP","Coal consumed at coke plants (coking coal)"
"60","CLKCV","Coal expenditures at coke plants"
"61","CLOCB","Coal consumed by industrial users other than coke plants"
"62","CLOCD","Coal price in the industrial sector other than coke plants"
"63","CLOCK","Factor for converting coal consumed by industrial users other than coke plants from physical units to Btu"
"64","CLOCP","Coal consumed by industrial users other than coke plants"
"65","CLOCV","Coal expenditures in the industrial sector other than coke plants"
"66","CLOSB","Coal consumed by the industrial sector excluding refinery fuel"
"67","CLPRB","Coal production"
"68","CLPRK","Factor for converting coal production from physical units to Btu"
"69","CLPRP","Coal production"
"70","CLRCB","Coal consumed by the residential sector"
"71","CLRCD","Coal price in the residential sector"
"72","CLRCP","Coal consumed by the residential sector"
"73","CLRCV","Coal expenditures in the residential sector"
"74","CLRFB","Coal consumed as refinery fuel"
"75","CLSCB","Coal total consumption adjusted for process fuel"
"76","CLTCB","Coal total consumption"
"77","CLTCD","Coal average price, all sectors"
"78","CLTCP","Coal total consumption"
"79","CLTCV","Coal total expenditures"
"80","CLTXB","Coal total end-use consumption"
"81","CLTXD","Coal average price, all end-use sectors"
"82","CLTXP","Coal total end-use consumption"
"83","CLTXV","Coal total end-use expenditures"
"84","COICB","Crude oil consumed by the industrial sector"
"85","COICP","Crude oil consumed by the industrial sector"
"86","COPRK","Factor for converting crude oil production from physical units to Btu"
"87","DFACB","Distillate fuel oil consumed by the transportation sector"
"88","DFACD","Distillate fuel oil price in the transportation sector"
"89","DFACP","Distillate fuel oil consumed by the transportation sector"
"90","DFACV","Distillate fuel oil expenditures in the transportation sector"
"91","DFCCB","Distillate fuel oil consumed by the commercial sector"
"92","DFCCD","Distillate fuel oil price in the commercial sector"
"93","DFCCP","Distillate fuel oil consumed by the commercial sector"
"94","DFCCV","Distillate fuel oil expenditures in the commercial sector"
"95","DFEIB","Distillate fuel oil consumed by the electric power sector"
"96","DFEID","Distillate fuel oil price in the electric power sector"
"97","DFEIP","Distillate fuel oil consumed by the electric power sector"
"98","DFEIV","Distillate fuel oil expenditures in the electric power sector"
"99","DFICB","Distillate fuel oil consumed by the industrial sector"
"100","DFICD","Distillate fuel oil price in the industrial sector"
"101","DFICP","Distillate fuel oil consumed by the industrial sector"
"102","DFICV","Distillate fuel oil expenditures in the industrial sector"
"103","DFISB","Distillate fuel oil consumed by the industrial sector excluding refinery fuel"
"104","DFRCB","Distillate fuel oil consumed by the residential sector"
"105","DFRCD","Distillate fuel oil price in the residential sector"
"106","DFRCP","Distillate fuel oil consumed by the residential sector"
"107","DFRCV","Distillate fuel oil expenditures in the residential sector"
"108","DFRFB","Distillate fuel oil consumed as refinery fuel"
"109","DFSCB","Distillate fuel oil total consumption adjusted for process fuel"
"110","DFTCB","Distillate fuel oil total consumption"
"111","DFTCD","Distillate fuel oil average price, all sectors"
"112","DFTCP","Distillate fuel oil total consumption"
"113","DFTCV","Distillate fuel oil total expenditures"
"114","DFTXB","Distillate fuel oil total end-use consumption"
"115","DFTXD","Distillate fuel oil average price, all end-use sectors"
"116","DFTXP","Distillate fuel oil total end-use consumption"
"117","DFTXV","Distillate fuel oil total end-use expenditures"
"118","ELEXB","Electricity exported from the United States"
"119","ELEXD","Electricity exports average price"
"120","ELEXP","Electricity exported from the United States"
"121","ELEXV","Electricity exports expenditures"
"122","ELIMB","Electricity imported into the United States"
"123","ELIMD","Electricity imports average price"
"124","ELIMP","Electricity imported into the United States"
"125","ELIMV","Electricity imports expenditures"
"126","ELISB","Net interstate flow of electricity and associated losses (negative and positive values)"
"127","ELISP","Net interstate flow of of electricity"
"128","ELNIB","Net imports of electricity into the United States"
"129","ELNIP","Net imports of electricity into the United States"
"130","EMACB","Fuel ethanol, excluding denaturant, consumed by the transportation sector   "
"131","EMACV","Fuel ethanol, excluding denaturant, expenditures in the transportation sector"
"132","EMCCB","Fuel ethanol, excluding denaturant, consumed by the commercial sector "
"133","EMCCV","Fuel ethanol, excluding denaturant, expenditures in the commercial sector"
"134","EMFDB","Biomass inputs (feedstock) for the production of fuel ethanol"
"135","EMICB","Fuel ethanol, excluding denaturant, consumed by the industrial sector "
"136","EMICV","Fuel ethanol, excluding denaturant, expenditures in the industrial sector"
"137","EMLCB","Energy losses and co-products from the production of fuel ethanol"
"138","EMTCB","Fuel ethanol, excluding denaturant, total consumption"
"139","EMTCV","Fuel ethanol, excluding denaturant, total expenditures"
"140","ENACP","Fuel ethanol, including denaturant, consumed by the transportation sector"
"141","ENCCP","Fuel ethanol, including denaturant, consumed by the commercial sector"
"142","ENICP","Fuel ethanol, including denaturant, consumed by the industrial sector"
"143","ENPRP","Fuel ethanol production, including denaturant"
"144","ENTCP","Fuel ethanol, including denaturant, total consumption"
"145","EQICB","Ethane consumed by the industrial sector"
"146","EQICP","Ethane consumed by the industrial sector"
"147","EQTCB","Ethane total consumption"
"148","EQTCP","Ethane total consumption"
"149","ESACB","Electricity consumed by (i.e., sold to) the transportation sector"
"150","ESACD","Electricity price in the transportation sector"
"151","ESACP","Electricity consumed by (i.e., sold to) the transportation sector"
"152","ESACV","Electricity expenditures in the transportation sector"
"153","ESCCB","Electricity consumed by (i.e., sold to) the commercial sector"
"154","ESCCD","Electricity price in the commercial sector"
"155","ESCCP","Electricity consumed by (i.e., sold to) the commercial sector"
"156","ESCCV","Electricity expenditures in the commercial sector"
"157","ESICB","Electricity consumed by (i.e., sold to) the industrial sector"
"158","ESICD","Electricity price in the industrial sector"
"159","ESICP","Electricity consumed by (i.e., sold to) the industrial sector"
"160","ESICV","Electricity expenditures in the industrial sector"
"161","ESISB","Electricity sales to the industrial sector excluding refinery use"
"162","ESRCB","Electricity consumed by (i.e., sold to) the residential sector"
"163","ESRCD","Electricity price in the residential sector"
"164","ESRCP","Electricity consumed by (i.e., sold to) the residential sector"
"165","ESRCV","Electricity expenditures in the residential sector"
"166","ESRFB","Electricity consumed by refineries"
"167","ESSCB","Electricity total consumption adjusted for process fuel"
"168","ESTCB","Electricity total consumption (i.e., retail sales)"
"169","ESTCD","Electricity average price, all sectors"
"170","ESTCP","Electricity total consumption (i.e., retail sales)"
"171","ESTCV","Electricity total expenditures"
"172","ESTXB","Electricity total end-use consumption (i.e., retail sales)"
"173","ESTXD","Electricity average price, all end-use sectors"
"174","ESTXP","Electricity total end-use consumption (i.e., retail sales)"
"175","ESTXV","Electricity total end-use expenditures"
"176","EYICB","Ethylene from refineries consumed by the industrial sector"
"177","EYICP","Ethylene from refineries consumed by the industrial sector"
"178","EYTCB","Ethylene from refineries total consumption"
"179","EYTCP","Ethylene from refineries total consumption"
"180","FFTCB","Fossil fuels total consumption"
"181","FNICB","Petrochemical feedstocks, naphtha, less than 401° F, consumed by the industrial sector"
"182","FNICD","Petrochemical feedstocks, naphtha less than 401° F, price in the industrial sector"
"183","FNICP","Petrochemical feedstocks, naphtha less than 401° F, consumed by the industrial sector"
"184","FNICV","Petrochemical feedstocks, naphtha less than 401° F, expenditures in the industrial sector"
"185","FOICB","Petrochemical feedstocks, other oils equal to or greater than 401° F, consumed by the industrial sector"
"186","FOICD","Petrochemical feedstocks, other oils equal to or greater than 401° F, price in the industrial sector"
"187","FOICP","Petrochemical feedstocks, other oils equal to or greater than 401° F, consumed by the industrial sector"
"188","FOICV","Petrochemical feedstocks, other oils equal to or greater than 401° F, expenditures in the industrial sector"
"189","FSICB","Petrochemical feedstocks, still gas, consumed by the industrial sector"
"190","FSICD","Petrochemical feedstocks, still gas, price in the industrial sector"
"191","FSICP","Petrochemical feedstocks, still gas, consumed by the industrial sector"
"192","FSICV","Petrochemical feedstocks, still gas, expenditures in the industrial sector"
"193","GDPRV","Current-dollar gross domestic product"
"194","GDPRX","Real gross domestic product"
"195","GECCB","Geothermal energy consumed by the commercial sector"
"196","GEEGB","Geothermal energy consumed for electricity generation by the electric power sector"
"197","GEEGP","Geothermal electricity net generation in the electric power sector"
"198","GEICB","Geothermal energy consumed by the industrial sector"
"199","GERCB","Geothermal energy consumed by the residential sector"
"200","GETCB","Geothermal energy total consumption"
"201","GETXB","Geothermal energy total end-use consumption"
"202","HLACB","Hydrocarbon gas liquids consumed by the transportation sector"
"203","HLACD","Hydrocarbon gas liquids price in the transportation sector"
"204","HLACP","Hydrocarbon gas liquids consumed by the transportation sector"
"205","HLACV","Hydrocarbon gas liquids expenditures in the transportation sector"
"206","HLCCB","Hydrocarbon gas liquids consumed by the commercial sector"
"207","HLCCD","Hydrocarbon gas liquids price in the commercial sector"
"208","HLCCP","Hydrocarbon gas liquids consumed by the commercial sector"
"209","HLCCV","Hydrocarbon gas liquids expenditures in the commercial sector"
"210","HLICB","Hydrocarbon gas liquids consumed by the industrial sector"
"211","HLICD","Hydrocarbon gas liquids price in the industrial sector"
"212","HLICK","Average conversion factor for industrial consumption of hydrocarbon gas liquids"
"213","HLICP","Hydrocarbon gas liquids consumed by the industrial sector"
"214","HLICV","Hydrocarbon gas liquids expenditures in the industrial sector"
"215","HLISB","Hydrocarbon gas liquids consumed by the industrial sector adjusted for processed fuel"
"216","HLRCB","Hydrocarbon gas liquids consumed by the residential sector"
"217","HLRCD","Hydrocarbon gas liquids price in the residential sector"
"218","HLRCP","Hydrocarbon gas liquids consumed by the residential sector"
"219","HLRCV","Hydrocarbon gas liquids expenditures in the residential sector"
"220","HLRFB","Hydrocarbon gas liquids consumed as refinery fuel and intermediate products"
"221","HLSCB","Hydrocarbon gas liquids total consumption adjusted for processed fuel"
"222","HLTCB","Hydrocarbon gas liquids total consumption"
"223","HLTCD","Hydrocarbon gas liquids average price, all sectors"
"224","HLTCK","Factor for converting hydrocarbon gas liquids physical units to Btu"
"225","HLTCP","Hydrocarbon gas liquids total consumption"
"226","HLTCV","Hydrocarbon gas liquids total expenditures"
"227","HLTXB","Hydrocarbon gas liquids total end-use consumption"
"228","HLTXD","Hydrocarbon gas liquids average price, all end-use sectors"
"229","HLTXP","Hydrocarbon gas liquids total end-use consumption"
"230","HLTXV","Hydrocarbon gas liquids total end-use expenditures"
"231","HYCCB","Hydropower consumed by the commercial sector"
"232","HYCCP","Hydroelectricity net generation in the commercial sector"
"233","HYEGB","Hydropower consumed for electricity generation by the electric power sector"
"234","HYEGP","Hydroelectricity net generation in the electric power sector"
"235","HYICB","Hydropower consumed by the industrial sector"
"236","HYICP","Hydroelectricity net generation in the industrial sector"
"237","HYTCB","Hydropower total consumption"
"238","HYTCP","Hydroelectricity total net generation"
"239","HYTXB","Hydropower total end-use consumption"
"240","HYTXP","Hydroelectricity net generation total end-use sectors"
"241","IQICB","Isobutane consumed by the industrial sector"
"242","IQICP","Isobutane consumed by the industrial sector"
"243","IQTCB","Isobutane total consumption"
"244","IQTCP","Isobutane total consumption"
"245","IYICB","Isobutylene from refineries consumed by the industrial sector"
"246","IYICP","Isobutylene from refineries consumed by the industrial sector"
"247","IYTCB","Isobutylene from refineries total consumption"
"248","IYTCP","Isobutylene from refineries total consumption"
"249","JFACB","Jet fuel consumed by the transportation sector"
"250","JFACD","Jet fuel price in the transportation sector"
"251","JFACP","Jet fuel consumed by the transportation sector"
"252","JFACV","Jet fuel expenditures in the transportation sector"
"253","JFTCB","Jet fuel total consumption"
"254","JFTCD","Jet fuel average price, all sectors"
"255","JFTCP","Jet fuel total consumption"
"256","JFTCV","Jet fuel total expenditures"
"257","JFTXB","Jet fuel total end-use consumption"
"258","JFTXD","Jet fuel average price, all end-use sectors"
"259","JFTXP","Jet fuel total end-use consumption"
"260","JFTXV","Jet fuel total end-use expenditures"
"261","KSCCB","Kerosene consumed by the commercial sector"
"262","KSCCD","Kerosene price in the commercial sector"
"263","KSCCP","Kerosene consumed by the commercial sector"
"264","KSCCV","Kerosene expenditures in the commercial sector"
"265","KSICB","Kerosene consumed by the industrial sector"
"266","KSICD","Kerosene price in the industrial sector"
"267","KSICP","Kerosene consumed by the industrial sector"
"268","KSICV","Kerosene expenditures in the industrial sector"
"269","KSRCB","Kerosene consumed by the residential sector"
"270","KSRCD","Kerosene price in the residential sector"
"271","KSRCP","Kerosene consumed by the residential sector"
"272","KSRCV","Kerosene expenditures in the residential sector"
"273","KSTCB","Kerosene total consumption"
"274","KSTCD","Kerosene average price, all sectors"
"275","KSTCP","Kerosene total consumption"
"276","KSTCV","Kerosene total expenditures"
"277","KSTXB","Kerosene total end-use consumption"
"278","KSTXD","Kerosene average price, all end-use sectors"
"279","KSTXP","Kerosene total end-use consumption"
"280","KSTXV","Kerosene total end-use expenditures"
"281","LOACB","The transportation sector's share of electrical system energy losses"
"282","LOCCB","The commercial sector's share of electrical system energy losses"
"283","LOICB","The industrial sector's share of electrical system energy losses"
"284","LORCB","The residential sector's share of electrical system energy losses"
"285","LOTCB","Total electrical system energy losses"
"286","LOTXB","Total electrical system energy losses allocated to the end-use sectors"
"287","LUACB","Lubricants consumed by the transportation sector"
"288","LUACD","Lubricants price in the transportation sector"
"289","LUACP","Lubricants consumed by the transportation sector"
"290","LUACV","Lubricants expenditures in the transportation sector"
"291","LUICB","Lubricants consumed by the industrial sector"
"292","LUICD","Lubricants price in the industrial sector"
"293","LUICP","Lubricants consumed by the industrial sector"
"294","LUICV","Lubricants expenditures in the industrial sector"
"295","LUTCB","Lubricants total consumption"
"296","LUTCD","Lubricants average price, all sectors"
"297","LUTCP","Lubricants total consumption"
"298","LUTCV","Lubricants average price, all sectors"
"299","LUTXB","Lubricants total end-use consumption"
"300","LUTXD","Lubricants average price, all end-use sectors"
"301","LUTXP","Lubricants total end-use consumption"
"302","LUTXV","Lubricants total end-use expenditures"
"303","MBICB","Motor gasoline blending components consumed by the industrial sector"
"304","MBICP","Motor gasoline blending components consumed by the industrial sector"
"305","MGACB","Motor gasoline consumed by the transportation sector"
"306","MGACD","Motor gasoline price in the transportation sector"
"307","MGACP","Motor gasoline consumed by the transportation sector"
"308","MGACV","Motor gasoline expenditures in the transportation sector"
"309","MGCCB","Motor gasoline consumed by the commercial sector"
"310","MGCCD","Motor gasoline price in the commercial sector"
"311","MGCCP","Motor gasoline consumed by the commercial sector"
"312","MGCCV","Motor gasoline expenditures in the commercial sector"
"313","MGICB","Motor gasoline consumed by the industrial sector"
"314","MGICD","Motor gasoline price in the industrial sector"
"315","MGICP","Motor gasoline consumed by the industrial sector"
"316","MGICV","Motor gasoline expenditures in the industrial sector"
"317","MGTCB","Motor gasoline total consumption"
"318","MGTCD","Motor gasoline average price, all sectors"
"319","MGTCP","Motor gasoline total consumption"
"320","MGTCV","Motor gasoline total expenditures"
"321","MGTPV","Motor gasoline expenditures per capita"
"322","MGTXB","Motor gasoline total end-use consumption"
"323","MGTXD","Motor gasoline average price, all end-use sectors"
"324","MGTXP","Motor gasoline total end-use consumption"
"325","MGTXV","Motor gasoline total end-use expenditures"
"326","MMTCB","Motor gasoline total consumption excluding fuel ethanol"
"327","MSICB","Miscellaneous petroleum products consumed by the industrial sector"
"328","MSICD","Miscellaneous petroleum products price in the industrial sector"
"329","MSICP","Miscellaneous petroleum products consumed by the industrial sector"
"330","MSICV","Miscellaneous petroleum products expenditures in the industrial sector"
"331","NAICB","Natural gasoline consumed by the industrial sector (through 1983)"
"332","NAICP","Natural gasoline consumed by the industrial sector (through 1983)"
"333","NGACB","Natural gas consumed by the transportation sector "
"334","NGACD","Natural gas price in the transportation sector"
"335","NGACP","Natural gas consumed by the transportation sector"
"336","NGACV","Natural gas expenditures in the transportation sector"
"337","NGASB","Natural gas consumed by the transportation sector adjusted for process fuel"
"338","NGCCB","Natural gas consumed by (delivered to) the commercial sector"
"339","NGCCD","Natural gas price in the commercial sector"
"340","NGCCP","Natural gas consumed by (delivered to) the commercial sector"
"341","NGCCV","Natural gas expenditures in the commercial sector"
"342","NGEIB","Natural gas consumed by the electric power sector"
"343","NGEID","Natural gas price in the electric power sector"
"344","NGEIK","Factor for converting natural gas consumed by the electric power sector from physical units to Btu"
"345","NGEIP","Natural gas consumed by the electric power sector"
"346","NGEIV","Natural gas expenditures in the electric power sector"
"347","NGICB","Natural gas consumed by (delivered to) the industrial sector"
"348","NGICD","Natural gas price in the industrial sector"
"349","NGICP","Natural gas consumed by (delivered to) the industrial sector"
"350","NGICV","Natural gas expenditures in the industrial sector"
"351","NGISB","Natural gas consumed by the industrial sector excluding refinery fuel"
"352","NGLPB","Natural gas consumed as lease and plant fuel"
"353","NGMPB","Natural gas marketed production"
"354","NGMPK","Conversion factor for natural gas marketed production"
"355","NGMPP","Natural gas marketed production"
"356","NGPZB","Natural gas for pipeline and distribution use"
"357","NGRCB","Natural gas consumed by (delivered to) the residential sector"
"358","NGRCD","Natural gas price in the residential sector"
"359","NGRCP","Natural gas consumed by (delivered to) the residential sector"
"360","NGRCV","Natural gas expenditures in the residential sector"
"361","NGRFB","Natural gas consumed as refinery fuel "
"362","NGSCB","Natural gas total consumption adjusted for process fuel"
"363","NGTCB","Natural gas total consumption"
"364","NGTCD","Natural gas average price, all sectors"
"365","NGTCK","Factor for converting natural gas total consumption from physical units to Btu"
"366","NGTCP","Natural gas total consumption"
"367","NGTCV","Natural gas total expenditures"
"368","NGTXB","Natural gas total end-use consumption"
"369","NGTXD","Natural gas average price, all end-use sectors"
"370","NGTXK","Factor for converting natural gas consumed by all sectors other than electric power from physical units to Btu"
"371","NGTXP","Natural gas total end-use consumption"
"372","NGTXV","Natural gas total end-use expenditures"
"373","NNTCB","Natural gas total consumption (excluding supplemental gaseous fuels)"
"374","NUEGB","Nuclear energy consumed for electricity generation by the electric power sector"
"375","NUEGD","Nuclear fuel price in the electric power sector"
"376","NUEGP","Nuclear electricity net generation in the electric power sector"
"377","NUEGV","Nuclear fuel expenditures in the electric power sector"
"378","NUETB","Nuclear energy consumed for electricity generation, total"
"379","NUETD","Nuclear fuel average price, all sectors"
"380","NUETP","Nuclear electricity total net generation"
"381","NUETV","Nuclear fuel total expenditures"
"382","OHICD","Other hydrocarbon gas liquids (other than propane) price in the industrial sector"
"383","OHICV","Other hydrocarbon gas liquids (other than propane) expenditures in the industrial sector"
"384","OPICB","Other petroleum products consumed by the industrial sector"
"385","OPICD","Other petroleum products average price in the industrial sector"
"386","OPICP","Other petroleum products consumed by the industrial sector"
"387","OPICV","Other petroleum products total expenditures in the industrial sector"
"388","OPISB","Other petroleum products consumed by the industrial sector excluding refinery fuel and intermediate products"
"389","OPSCB","Other petroleum products total consumption adjusted for refinery fuel and intermediate products"
"390","OPTCB","Other petroleum products total consumption"
"391","OPTCD","Other petroleum products average price, all sectors"
"392","OPTCP","Other petroleum products total consumption"
"393","OPTCV","Other petroleum products total expenditures"
"394","OPTXB","Other petroleum products total end-use consumption"
"395","OPTXD","Other petroleum products average price, all end-use sectors"
"396","OPTXP","Other petroleum products total end-use consumption"
"397","OPTXV","Other petroleum products total end-use expenditures"
"398","P1ICB","Asphalt and road oil, kerosene, lubricants, petroleum coke, and ""other petroleum products"" consumed by the industrial sector"
"399","P1ICD","Asphalt and road oil, kerosene, lubricants, petroleum coke, and ""other petroleum products"" average price in the  industrial sector"
"400","P1ICP","Asphalt and road oil, kerosene, lubricants, petroleum coke, and ""other petroleum products"" consumed by the industrial sector"
"401","P1ICV","Asphalt and road oil, kerosene, lubricants, petroleum coke, and ""other petroleum products"" expenditures in the  industrial sector"
"402","P1ISB","Asphalt and road oil, kerosene, lubricants, petroleum coke, and ""other petroleum products"" consumed by the industrial sector excluding refinery fuel and intermediate products"
"403","P1SCB","Asphalt and road oil, kerosene, lubricants, petroleum coke, and ""other petroleum products"" total consumption adjusted for process fuel and intermediate products"
"404","P1TCB","Asphalt and road oil, aviation gasoline, kerosene, lubricants, petroleum coke, and ""other petroleum products"" total consumption"
"405","P1TCD","Asphalt and road oil, aviation gasoline, kerosene, lubricants, petroleum coke, and ""other petroleum products"" average price, all sectors"
"406","P1TCP","Asphalt and road oil, aviation gasoline, kerosene, lubricants, petroleum coke, and ""other petroleum products"" total consumption"
"407","P1TCV","Asphalt and road oil, aviation gasoline, kerosene, lubricants, petroleum coke, and ""other petroleum products"" total expenditures"
"408","P1TXB","Asphalt and road oil, aviation gasoline, kerosene, lubricants, petroleum coke, and ""other petroleum products"" total end-use consumption"
"409","P1TXD","Asphalt and road oil, aviation gasoline, kerosene, lubricants, petroleum coke, and ""other petroleum products"" average price, all end-use sectors"
"410","P1TXP","Asphalt and road oil, aviation gasoline, kerosene, lubricants, petroleum coke, and ""other petroleum products"" total end-use consumption"
"411","P1TXV","Asphalt and road oil, aviation gasoline, kerosene, lubricants, petroleum coke, and ""other petroleum products"" total end-use expenditures"
"412","P5RFB","Other petroleum products (SG and PC consumed as process fuel and AB, MB, PP, and UO consumed as intermediate products)"
"413","PAACB","All petroleum products consumed by the transportation sector"
"414","PAACD","All petroleum products average price in the transportation sector"
"415","PAACP","All petroleum products consumed by the transportation sector"
"416","PAACV","All petroleum products total expenditures in the transportation sector"
"417","PACCB","All petroleum products consumed by the commercial sector"
"418","PACCD","All petroleum products average price in the commercial sector"
"419","PACCP","All petroleum products consumed by the commercial sector"
"420","PACCV","All petroleum products total expenditures in the commercial sector"
"421","PAEIB","All petroleum products consumed by the electric power sector"
"422","PAEID","All petroleum products average price in the electric power sector"
"423","PAEIP","All petroleum products consumed by the electric power sector"
"424","PAEIV","All petroleum products total expenditures in the electric power sector"
"425","PAICB","All petroleum products consumed by the industrial sector"
"426","PAICD","All petroleum products average price in the industrial sector"
"427","PAICP","All petroleum products consumed by the industrial sector"
"428","PAICV","All petroleum products total expenditures in the industrial sector"
"429","PAISB","All petroleum products consumed by the industrial sector excluding process fuel and intermediate products"
"430","PAPRB","Crude oil production (including lease condensate)"
"431","PAPRP","Crude oil production (including lease condensate)"
"432","PARCB","All petroleum products consumed by the residential sector"
"433","PARCD","All petroleum products average price in the residential sector"
"434","PARCP","All petroleum products consumed by the residential sector"
"435","PARCV","All petroleum products total expenditures in the residential sector"
"436","PASCB","All petroleum products total consumption adjusted for process fuel and intermediate products"
"437","PATCB","All petroleum products total consumption"
"438","PATCD","All petroleum products average price, all sectors"
"439","PATCP","All petroleum products total consumption"
"440","PATCV","All petroleum products total expenditures"
"441","PATXB","All petroleum products total end-use consumption"
"442","PATXD","All petroleum products average price, all end-use sectors"
"443","PATXP","All petroleum products total end-use consumption"
"444","PATXV","All petroleum products total end-use expenditures"
"445","PCCCB","Petroleum coke consumed by the commercial sector"
"446","PCCCD","Petroleum coke price in the commercial sector"
"447","PCCCP","Petroleum coke consumed by the commercial sector"
"448","PCCCV","Petroleum coke expenditures in the commercial sector"
"449","PCEIB","Petroleum coke consumed by the electric power sector"
"450","PCEID","Petroleum coke price in the electric power sector"
"451","PCEIP","Petroleum coke consumed by the electric power sector"
"452","PCEIV","Petroleum coke expenditures in the electric power sector"
"453","PCICB","Petroleum coke consumed by the industrial sector"
"454","PCICD","Petroleum coke price in the industrial sector"
"455","PCICP","Petroleum coke consumed by the industrial sector"
"456","PCICV","Petroleum coke expenditures in the industrial sector"
"457","PCISB","Petroleum coke consumed by the industrial sector excluding refinery fuel"
"458","PCRFB","Petroleum coke consumed as refinery fuel"
"459","PCSCB","Petroleum coke total consumption adjusted for process fuel"
"460","PCTCB","Petroleum coke total consumption"
"461","PCTCD","Petroleum coke average price, all sectors"
"462","PCTCP","Petroleum coke total consumption"
"463","PCTCV","Petroleum coke total expenditures"
"464","PCTXB","Petroleum coke total end-use consumption"
"465","PCTXD","Petroleum coke average price, all end-use sectors"
"466","PCTXP","Petroleum coke total end-use consumption"
"467","PCTXV","Petroleum coke total end-use expenditures"
"468","PEACD","Primary energy average price in the transportation sector"
"469","PEACV","Primary energy total expenditures in the transportation sector"
"470","PEASB","Primary energy consumed by the transportation sector, adjusted for process fuel, intermediate products, and fuels with no direct cost"
"471","PECCD","Primary energy average price in the commercial sector"
"472","PECCV","Primary energy total expenditures in the commercial sector"
"473","PECSB","Primary energy consumed by the commercial sector, adjusted for process fuel, intermediate products, and fuels with no direct cost"
"474","PEEID","Primary energy average price in the electric power sector"
"475","PEEIV","Primary energy total expenditures in the electric power sector"
"476","PEICD","Primary energy average price in the industrial sector"
"477","PEICV","Primary energy total expenditures in the industrial sector"
"478","PEISB","Primary energy consumed by the industrial sector, adjusted for process fuel, intermediate products, and fuels with no direct cost"
"479","PERCD","Primary energy average price in the residential sector"
"480","PERCV","Primary energy total expenditures in the residential sector"
"481","PERSB","Primary energy consumed by the residential sector, adjusted for process fuel, intermediate products, and fuels with no direct cost"
"482","PESCB","Primary energy total consumption, adjusted for process fuel, intermediate products, and fuels with no direct cost"
"483","PETCD","Primary energy average price, all sectors"
"484","PETCV","Primary energy total expenditures"
"485","PETXD","Primary energy average price, all end-use sectors"
"486","PETXV","Primary energy total end-use expenditures"
"487","PLICB","Plant condensate consumed by the industrial sector"
"488","PLICP","Plant condensate consumed by the industrial sector"
"489","PMTCB","All petroleum products total consumption excluding fuel ethanol"
"490","PPICB","Natural gasoline (pentanes plus) consumed by the industrial sector"
"491","PPICP","Natural gasoline (pentanes plus) consumed by the industrial sector"
"492","PPTCB","Natural gasoline (pentanes plus) total consumption"
"493","PPTCP","Natural gasoline (pentanes plus) total consumption"
"494","PQACB","Propane consumed by the transportation sector"
"495","PQACD","Propane price in the transportation sector"
"496","PQACP","Propane consumed by the transportation sector"
"497","PQACV","Propane expenditures in the transportation sector"
"498","PQCCB","Propane consumed by the commercial sector"
"499","PQCCD","Propane price in the commercial sector"
"500","PQCCP","Propane consumed by the commercial sector"
"501","PQCCV","Propane expenditures in the commercial sector"
"502","PQICB","Propane consumed by the industrial sector"
"503","PQICD","Propane price in the industrial sector"
"504","PQICP","Propane consumed by the industrial sector"
"505","PQICV","Propane expenditures in the industrial sector"
"506","PQISB","Propane consumed in the industrial sector excluding refinery fuel"
"507","PQRCB","Propane consumed by the residential sector"
"508","PQRCD","Propane price in the residential sector"
"509","PQRCP","Propane consumed by the residential sector"
"510","PQRCV","Propane expenditures in the residential sector"
"511","PQRFB","Propane consumed as refinery fuel"
"512","PQSCB","Propane total consumption adjusted for process fuel"
"513","PQTCB","Propane total consumption"
"514","PQTCD","Propane average price, all sectors"
"515","PQTCP","Propane total consumption"
"516","PQTCV","Propane total expenditures"
"517","PQTXB","Propane total end-use consumption"
"518","PQTXD","Propane average price, all end-use sectors"
"519","PQTXP","Propane total end-use consumption"
"520","PQTXV","Propane total end-use expenditures"
"521","PYICB","Propylene from refineries consumed by the industrial sector"
"522","PYICP","Propylene from refineries consumed by the industrial sector"
"523","PYTCB","Propylene from refineries total consumption"
"524","PYTCP","Propylene from refineries total consumption"
"525","REPRB","Renewable energy production"
"526","RETCB","Renewable energy total consumption"
"527","RFACB","Residual fuel oil consumed by the transportation sector"
"528","RFACD","Residual fuel oil price in the transportation sector"
"529","RFACP","Residual fuel oil consumed by the transportation sector"
"530","RFACV","Residual fuel oil expenditures in the transportation sector"
"531","RFCCB","Residual fuel oil consumed by the commercial sector"
"532","RFCCD","Residual fuel oil price in the commercial sector"
"533","RFCCP","Residual fuel oil consumed by the commercial sector"
"534","RFCCV","Residual fuel oil expenditures in the commercial sector"
"535","RFEIB","Residual fuel oil consumed by the electric power sector"
"536","RFEID","Residual fuel oil price in the electric power sector"
"537","RFEIP","Residual fuel oil consumed by the electric power sector"
"538","RFEIV","Residual fuel oil expenditures in the electric power sector"
"539","RFICB","Residual fuel oil consumed by the industrial sector"
"540","RFICD","Residual fuel oil price in the industrial sector"
"541","RFICP","Residual fuel oil consumed by the industrial sector"
"542","RFICV","Residual fuel oil expenditures in the industrial sector"
"543","RFISB","Residual fuel oil consumed by the industrial sector excluding refinery fuel"
"544","RFRFB","Residual fuel oil consumed as refinery fuel"
"545","RFSCB","Residential fuel oil total consumption excluding process fuel"
"546","RFTCB","Residual fuel oil total consumption"
"547","RFTCD","Residual fuel oil average price, all sectors"
"548","RFTCP","Residual fuel oil total consumption"
"549","RFTCV","Residual fuel oil total expenditures"
"550","RFTXB","Residual fuel oil total end-use consumption"
"551","RFTXD","Residual fuel oil average price, all end-use sectors"
"552","RFTXP","Residual fuel oil total end-use consumption"
"553","RFTXV","Residual fuel oil total end-use expenditures"
"554","ROPRB","Renewable energy production, other than fuel ethanol"
"555","SFCCB","Supplemental gaseous fuels consumed by the commercial sector"
"556","SFEIB","Supplemental gaseous fuels consumed by the electric power sector"
"557","SFINB","Supplemental gaseous fuels consumed by the industrial sector"
"558","SFRCB","Supplemental gaseous fuels consumed by the residential sector"
"559","SFTCB","Supplemental gaseous fuels total consumption"
"560","SGICB","Still gas consumed by the industrial sector"
"561","SGICP","Still gas consumed by the industrial sector"
"562","SNICB","Special naphthas consumed by the industrial sector"
"563","SNICD","Special naphthas price in the industrial sector"
"564","SNICP","Special naphthas consumed by the industrial sector"
"565","SNICV","Special naphthas expenditures in the industrial sector"
"566","SOCCB","Solar energy consumed by the commercial sector"
"567","SOCCP","Solar thermal and photovoltaic electricity net generation in the commercial sector"
"568","SOEGB","Solar energy consumed for electricity generation by the electric power sector"
"569","SOEGP","Solar thermal and photovoltaic electricity net generation in the electric power sector"
"570","SOICB","Solar energy consumed by the industrial sector"
"571","SOICP","Solar thermal and photovoltaic electricity net generation in the industrial sector"
"572","SOR7P","Solar photovoltaic electricity generation by small-scale applications in the residential sector"
"573","SORCB","Solar energy consumed by the residential sector"
"574","SOTCB","Solar energy total consumption"
"575","SOTGP","Solar thermal and photovoltaic electricity total net generation"
"576","SOTXB","Solar energy total end-use consumption"
"577","TEACB","Total energy consumption in the transportation sector"
"578","TEACD","Total energy average price in the transportation sector"
"579","TEACV","Total energy expenditures in the transportation sector"
"580","TEAPB","Total energy consumption per capita in the transportation sector"
"581","TECCB","Total energy consumption in the commercial sector"
"582","TECCD","Total energy average price in the commercial sector"
"583","TECCV","Total energy expenditures in the commercial sector"
"584","TECPB","Total energy consumption per capita in the commercial sector"
"585","TEEIB","Total energy consumption in the electric power sector"
"586","TEGDS","Energy expenditures as percent of current-dollar GDP"
"587","TEICB","Total energy consumption in the industrial sector"
"588","TEICD","Total energy average price in the industrial sector"
"589","TEICV","Total energy expenditures in the industrial sector"
"590","TEIPB","Total energy consumption per capita in the industrial sector"
"591","TEPFB","Total energy used as process fuel and other consumption that has no direct fuel costs"
"592","TEPRB","Total energy production"
"593","TERCB","Total energy consumption in the residential sector"
"594","TERCD","Total energy average price in the residential sector"
"595","TERCV","Total energy total expenditures in the residential sector"
"596","TERFB","Total energy used as refinery fuel and intermediate products"
"597","TERPB","Total energy consumption per capita in the residential sector"
"598","TETCB","Total energy consumption"
"599","TETCD","Total energy average price"
"600","TETCV","Total energy expenditures"
"601","TETGR","Total energy consumed per dollar of real gross domestic product"
"602","TETPB","Total energy consumption per capita"
"603","TETPV","Total energy expenditures per capita"
"604","TETXB","Total end-use energy consumption"
"605","TETXD","Total end-use energy average price"
"606","TETXV","Total end-use energy expenditures"
"607","TNACB","Total energy consumption in the transportation sector excluding the sector's share of electrical system energy losses"
"608","TNASB","Total net energy consumption in the transportation sector, adjusted for process fuel, intermediate products, and fuels with no direct cost"
"609","TNCCB","Total energy consumption in the commercial sector excluding the sector's share of electrical system energy losses"
"610","TNCSB","Total net energy consumption in the commercial sector, adjusted for process fuel, intermediate products, and fuels with no direct cost"
"611","TNICB","Total energy consumption in the industrial sector excluding the sector's share of electrical system energy losses"
"612","TNISB","Total net energy consumption in the industrial sector, adjusted for process fuel, intermediate products, and fuels with no direct cost"
"613","TNRCB","Total energy consumption in the residential sector excluding the sector's share of electrical system energy losses"
"614","TNRSB","Total net energy consumption in the residential sector, adjusted for process fuel, intermediate products, and fuels with no direct cost"
"615","TNSCB","Total primary energy and electricity consumption"
"616","TNTXB","Total primary energy and electricity consumption in the end-use sectors"
"617","TPOPP","Resident population including Armed Forces"
"618","UOICB","Unfinished oils consumed by the industrial sector"
"619","UOICP","Unfinished oils consumed by the industrial sector"
"620","USICB","Unfractionated streams consumed by the industrial sector"
"621","USICP","Unfractionated streams consumed by the industrial sector"
"622","WDCCB","Wood consumed by the commercial sector"
"623","WDEIB","Wood consumed by the electric power sector"
"624","WDEXB","Densified biomass exports"
"625","WDICB","Wood consumed by the industrial sector"
"626","WDPRB","Wood energy production"
"627","WDRCB","Wood consumed by the residential sector"
"628","WDRCD","Wood price in the residential sector"
"629","WDRCP","Wood consumed by the residential sector"
"630","WDRCV","Wood expenditures in the residential sector "
"631","WDRSB","Wood consumed in the residential sector at a cost"
"632","WDRXB","Wood consumed in the residential sector at no cost"
"633","WDTCB","Wood total consumption"
"634","WSCCB","Waste consumed by the commercial sector, total"
"635","WSEIB","Waste consumed by the electric power sector"
"636","WSICB","Waste energy consumed by the industrial sector, total"
"637","WSTCB","Waste total consumption"
"638","WWCCB","Wood and waste consumed in the commercial sector"
"639","WWCCD","Wood and waste price in the commercial sector"
"640","WWCCV","Wood and waste expenditures in the commercial sector"
"641","WWCSB","Wood and waste consumed in the commercial sector at a cost"
"642","WWCXB","Wood and waste consumed in the commercial sector at no cost"
"643","WWEIB","Wood and waste consumed by the electric power sector"
"644","WWEID","Wood and waste price in the electric power sector"
"645","WWEIV","Wood and waste expenditures in the electric power sector"
"646","WWICB","Wood and waste consumed in the industrial sector, total"
"647","WWICD","Wood and waste price in the industrial sector"
"648","WWICV","Wood and waste expenditures in the industrial sector"
"649","WWISB","Wood and waste consumed in the industrial sector at a cost"
"650","WWIXB","Wood and waste consumed in the industrial sector at no cost"
"651","WWSCB","Wood and waste total consumption, adjusted for fuels with no direct cost"
"652","WWTCB","Wood and waste total consumption"
"653","WWTCD","Wood and waste average price, all sectors"
"654","WWTCV","Wood and waste total expenditures"
"655","WWTXB","Wood and waste total end-use consumption"
"656","WWTXD","Wood and waste average price, all end-use sectors"
"657","WWTXV","Wood and waste total end-use expenditures"
"658","WXICB","Waxes consumed by the industrial sector"
"659","WXICD","Waxes price in the industrial sector"
"660","WXICP","Waxes consumed by the industrial sector"
"661","WXICV","Waxes expenditures in the industrial sector"
"662","WYCCB","Wind energy consumed by the commercial sector"
"663","WYCCP","Wind electricity net generation in the commercial sector"
"664","WYEGB","Wind energy consumed for electricity generation by the electric power sector"
"665","WYEGP","Wind electricity net generation in the electric power sector"
"666","WYICB","Wind energy consumed by the industrial sector"
"667","WYICP","Wind electricity net generation in the industrial sector"
"668","WYTCB","Wind energy total consumption"
"669","WYTCP","Wind electricity total net generation"
"670","WYTXB","Wind energy total end-use consumption"
"671","WYTXP","Wind energy total end-use net generation"
"672","CCEXB","Coal coke exported from the United States "
"673","CCEXD","Coal coke exports average price, United States"
"674","CCEXP","Coal coke exported from the United States "
"675","CCEXV","Coal coke exports expenditures, United States"
"676","CCIMB","Coal coke imported into the United States"
"677","CCIMD","Coal coke imports average price, United States"
"678","CCIMP","Coal coke imported into the United States"
"679","CCIMV","Coal coke imports expenditures, United States"
"680","CCNIB","Coal coke net imports into the United States"
"681","CCNIP","Coal coke net imports into the United States"
"682","CCNIV","Coal coke net imports expenditures, United States"
"683","DFTCK","Factor converting distillate fuel oil physical units to Btu, United States only"
"684","ENTCK","Factor for converting fuel ethanol consumption from physical units to Btu"
"685","FFETK","Fossil fueled steam-electric power plant conversion factor, United States only"
"686","MBTCK","Factor converting motor gasoline blending components physical units to Btu, United States only"
"687","MGTCK","Factor converting motor gasoline physical units to Btu, United States only"
"688","NUETK","Factor for converting electricity generated from nuclear power from physical units to Btu, United States only"
"689","PAACK","Factor for converting all petroleum products consumed by the transportation sector from physical units to Btu, United States only"
"690","PACCK","Factor for converting all petroleum products consumed by the commercial sector from physical units to Btu, United States only"
"691","PAEIK","Factor for converting all petroleum products consumed by the electric power sector from physical units to Btu, United States only"
"692","PAICK","Factor for converting all petroleum products consumed by the industrial sector from physical units to Btu, United States only"
"693","PARCK","Factor for converting all petroleum products consumed by the residential sector from physical units to Btu, United States only"
"694","PATCK","Factor for converting all petroleum products total consumption from physical units to Btu, United States only"
"695","PCCTK","Factor converting petroleum coke, catalyst coke physical units to Btu, United States only"
"696","PCMKK","Factor converting petroleum coke, marketable coke physical units to Btu, United States only"
